function,label,n_results,median_s,min_s,max_s
query_device,product code only,129144,7.778223166002135,7.359161083000799,8.429821457997605
query_device,product code + date range,53055,4.45597145800275,4.2817734999989625,4.647277291001956
query_device,brand name exact,5819,4.684251667000353,4.377080750000459,4.792542458999378
query_device,generic name exact,611,4.179030999999668,4.144228834000387,4.265231875000609
query_device,manufacturer + product code,16704,4.934221957999398,4.758805458997813,4.970838499997626
search_by_device_names,single term,5514,5.757017457999609,5.009248917001969,6.2767457499976445
search_by_device_names,OR of two terms,8481,6.623276333000831,6.405139165999572,7.490992166000069
search_by_device_names,AND-within-OR (compound),2124,6.638337624997803,6.274414125000476,6.769054708998738
search_by_device_names,venous vs arterial thrombectomy cohorts,6018,34.77366812499895,32.85001466700123,34.89782595900033
