function,label,n_rows,n_reports,median_s,min_s,max_s
query_device,product code only,129144,128929,8.595919042010792,7.436784041987266,9.253459750005277
query_device,product code + date range,53055,53027,4.594716291001532,4.538842625013785,6.115073624998331
query_device,brand name exact,5819,5819,5.105227042018669,4.999250791006489,5.491110791015672
query_device,generic name exact,778,777,4.238597791001666,4.158410125004593,4.416590041975724
query_device,manufacturer + product code,10731,10673,4.396567500021774,3.8849350000091363,4.845034291996853
search_by_device_names,single term,5514,5412,5.97029745799955,5.312624792015413,6.292832042003283
search_by_device_names,OR of two terms,8481,8376,6.794070375006413,6.530682042008266,7.05800916699809
search_by_device_names,AND-within-OR (compound),2124,2115,6.454169458011165,6.293380457995227,6.947698290983681
search_by_device_names,venous vs arterial thrombectomy cohorts,6018,6018,37.44025629101088,36.931941540999105,42.24652083302499
